{"power": [383.5481296124765, 381.75075766987396, 379.9879167179021, 378.2589458235519, 376.563194215175, 374.9000236171363, 373.2688080023996, 371.6689333557761, 370.099797426841, 368.56080946410805, 367.0513899083013, 365.57096991838466, 364.1189901118898, 362.6948926612192, 361.29362002541086, 359.928416776943], "time": [0.0, 0.7470203591220554, 1.4940407182441109, 2.241061077366166, 2.9880814364882218, 3.7351017956102774, 4.482122154732332, 5.229142513854388, 5.9761628729764436, 6.723183232098499, 7.470203591220555, 8.21722395034261, 8.964244309464664, 9.71126466858672, 10.458285027708776, 11.205305386830831], "distance": [18249.98046875, 18257.069586545196, 18264.31852855959, 18271.67398145182, 18279.121065076546, 18286.646338083636, 18294.238595590694, 18301.890746815538, 18309.597134106174, 18317.353032272153, 18325.155941932593, 18333.00566071711, 18340.902720298764, 18348.848945757734, 18356.847108084447, 18364.900390625], "w_bal": [3637.1748422499677, 3567.292484947815, 3498.752801108492, 3431.529995388867, 3365.5987661792615, 3300.934298013525, 3237.5122522352644, 3175.3087578491113, 3114.300402549106, 3054.4642239319546, 2995.7777009091965, 2938.218745348901, 2881.765694071858, 2826.3973017892663, 2772.0927399451875, 2718.8349581017937]}