{"power": [763.7717808668447, 761.9696960762409, 758.3695129255628, 752.9601736636253, 745.7294001754098, 738.3655942597874, 731.1207741567879, 723.9930179341342, 716.9804340409536, 710.0811614890611, 703.2933693602231, 696.6152563240939, 690.045050153533, 683.5810072585926, 677.2214122229772, 670.9645773470361, 664.8088422037633, 658.7525731948364, 652.7941631167356, 646.9320307378575, 641.16462037309, 635.4904014798177, 629.9078682419253, 624.4155391755113, 619.0119567355862, 613.6956869277504, 608.4653189293499, 603.3194647129584, 598.2567586800566, 593.2758572978655, 588.3754387421502, 583.5542025458814, 578.8108692571873, 574.1441800957555, 569.5528966204107, 565.0358004015133, 560.5916926950973, 556.219394124516, 551.9177443683111, 547.685601849263, 543.5218434316645, 539.4253641196708, 535.3950767519909, 531.4299117088165, 527.5288165967831, 523.6907558950697, 519.9147104713825, 516.1996764553928, 512.5446592894251, 508.94528631769816, 505.4109724880051], "time": [0.0, 0.6282382400016953, 1.2564764800033905, 1.8847147200050858, 2.512952960006781, 3.1411912000084765, 3.7694294400101716, 4.397667680011867, 5.025905920013562, 5.6541441600152575, 6.282382400016953, 6.910620640018648, 7.538858880020343, 8.167097120022039, 8.795335360023733, 9.42357360002543, 10.051811840027124, 10.680050080028819, 11.308288320030515, 11.93652656003221, 12.564764800033906, 13.1930030400356, 13.821241280037295, 14.449479520038992, 15.077717760040686, 15.70595600004238, 16.334194240044077, 16.962432480045774, 17.590670720047466, 18.218908960049163, 18.84714720005086, 19.475385440052552, 20.10362368005425, 20.731861920055945, 21.360100160057637, 21.988338400059334, 22.61657664006103, 23.244814880062723, 23.87305312006442, 24.501291360066116, 25.129529600067812, 25.757767840069505, 26.3860060800712, 27.014244320072898, 27.64248256007459, 28.270720800076287, 28.898959040077983, 29.527197280079676, 30.155435520081372, 30.78367376008307, 31.411912000084765], "distance": [17898.5205078125, 17908.951886538245, 17919.38077137199, 17929.749977051106, 17940.0508074742, 17950.281038867233, 17960.442573007713, 17970.540303892132, 17980.57737752875, 17990.558282731403, 18000.486148854252, 18010.3644215459, 18020.194676431467, 18029.976979136176, 18039.71315169357, 18049.402373439905, 18059.04518080109, 18068.64043712984, 18078.18696847807, 18087.685262778406, 18097.13419995825, 18106.535489956757, 18115.88842610624, 18125.19439007943, 18134.45666517955, 18143.677969720076, 18152.86184729692, 18162.01126110409, 18171.12917340113, 18180.21784311366, 18189.278459662037, 18198.312005416858, 18207.3192433146, 18216.29969811281, 18225.252496581714, 18234.17728236377, 18243.07269056532, 18251.937984018896, 18260.773279762085, 18269.578927019233, 18278.355311127336, 18287.103200264562, 18295.82277772687, 18304.51708951402, 18313.188416378987, 18321.83862616719, 18330.470974186388, 18339.089154423567, 18347.69709573032, 18356.299301895015, 18364.900390625], "w_bal": [18898.12056782329, 18600.479018049034, 18303.96960685196, 18009.721968381153, 17718.87268368784, 17432.566047404613, 17150.88563558953, 16873.756696805085, 16601.105687045118, 16332.860250648071, 16068.949201096315, 15809.302502125078, 15553.851249134192, 15302.527650904345, 15055.265011606112, 14811.997713100178, 14572.661197524687, 14337.191950161523, 14105.527482581501, 13877.606316062154, 13653.36796527117, 13432.752922217118, 13215.702640453957, 13002.159519546922, 12792.066889786081, 12585.368997147001, 12382.01098849537, 12181.938897029619, 11985.099627960077, 11791.440944418291, 11600.911453594475, 11413.460593099373, 11229.038617546847, 11047.596585351353, 10869.08634574127, 10693.460525981089, 10520.672518799383, 10350.676470021537, 10183.427266402434, 10018.88052365527, 9856.992574675713, 9697.720457956219, 9541.021906189893, 9386.855335066142, 9235.17983225043, 9085.95514656198, 8939.141677373796, 8794.700464316757, 8652.593177691468, 8512.782112617702, 8375.232311284797]}